,Xk1,Xk2,Xk3,Xk4,X
mean,20.064814814814813,19.462962962962962,19.38425925925926,19.97685185185185,78.88425925925925
std,2.161417351116264,2.231615948000237,2.3541791852975718,2.228689470480332,7.7853454695943185
